{"7": {"m": 7, "k": 21, "time": 3.514193058013916, "error": 3.558376646549546e-11}, "8": {"m": 8, "k": 18, "time": 3.657640218734741, "error": 2.1594394791435492e-11}, "11": {"m": 11, "k": 13, "time": 4.101475715637207, "error": 6.483791045222666e-12}, "13": {"m": 13, "k": 11, "time": 4.232292175292969, "error": 5.560178334093706e-12}, "22": {"m": 22, "k": 6, "time": 4.319485902786255, "error": 6.2452678645928995e-12}, "29": {"m": 29, "k": 5, "time": 5.004326820373535, "error": 4.37391343011332e-12}, "36": {"m": 36, "k": 4, "time": 4.991512060165405, "error": 4.3441258773126855e-12}, "51": {"m": 51, "k": 3, "time": 5.54925799369812, "error": 4.38077050086973e-12}}